index	status	key	request_id	latency_us	detail
0	PUT_STATUS_OVERLOADED	queue-overload-0	693c0100000000000100000000000000	69432	bounded task queue is full
1	PUT_STATUS_OVERLOADED	queue-overload-1	693c0100000000000200000000000000	67036	bounded task queue is full
2	PUT_STATUS_OVERLOADED	queue-overload-2	693c0100000000000300000000000000	80196	bounded task queue is full
3	PUT_STATUS_OK	queue-overload-3	693c0100000000000400000000000000	126588	-
4	PUT_STATUS_OVERLOADED	queue-overload-4	693c0100000000000500000000000000	77831	bounded task queue is full
5	PUT_STATUS_OVERLOADED	queue-overload-5	693c0100000000000600000000000000	57936	bounded task queue is full
6	PUT_STATUS_OVERLOADED	queue-overload-6	693c0100000000000700000000000000	74284	bounded task queue is full
7	PUT_STATUS_OK	queue-overload-7	693c0100000000000800000000000000	154560	-
8	PUT_STATUS_OVERLOADED	queue-overload-8	693c0100000000000900000000000000	73203	bounded task queue is full
9	PUT_STATUS_OVERLOADED	queue-overload-9	693c0100000000000a00000000000000	73091	bounded task queue is full
10	PUT_STATUS_OVERLOADED	queue-overload-10	693c0100000000000b00000000000000	75366	bounded task queue is full
11	PUT_STATUS_OVERLOADED	queue-overload-11	693c0100000000000c00000000000000	71788	bounded task queue is full
12	PUT_STATUS_OK	queue-overload-12	693c0100000000000d00000000000000	175138	-
13	PUT_STATUS_OVERLOADED	queue-overload-13	693c0100000000000e00000000000000	73376	bounded task queue is full
14	PUT_STATUS_OVERLOADED	queue-overload-14	693c0100000000000f00000000000000	71768	bounded task queue is full
15	PUT_STATUS_OVERLOADED	queue-overload-15	693c0100000000001000000000000000	68812	bounded task queue is full
